minx,miny,maxx,maxy,lower,upper
499497.8827818414,7486286.997082645,509119.281440983,7495469.90680081,-3200,1200
