minx,miny,maxx,maxy,lower,upper
250805.1529856466,6405084.328058686,336682.921539395,6458336.085975628,-3200,1200
